token,dim_id,trial_index,label,updated_at,is_submitted
1AOXfiFF8ElI8RsA,dimension_06,1,"legs, skin, vertical",2026-04-28T09:02:51.106695+00:00,0
1AOXfiFF8ElI8RsA,dimension_09,2,"body parts, clothes, skin",2026-04-28T09:03:17.553051+00:00,0
1AOXfiFF8ElI8RsA,dimension_04,3,"trees, nature, sky",2026-04-28T09:03:29.560606+00:00,0
1AOXfiFF8ElI8RsA,dimension_10,4,"rectangular, grid pattern, blue",2026-04-28T09:04:15.282480+00:00,0
1AOXfiFF8ElI8RsA,dimension_03,5,"small, many thingss, clutter",2026-04-28T09:04:44.779602+00:00,0
1AOXfiFF8ElI8RsA,dimension_05,6,"rectangualr, fingers, diagonal",2026-04-28T09:05:20.258827+00:00,0
1AOXfiFF8ElI8RsA,dimension_14,7,"colorful, cluttered, paper",2026-04-28T09:06:08.873089+00:00,0
1AOXfiFF8ElI8RsA,dimension_02,8,"animal, face, centered, cute",2026-04-28T09:06:52.965176+00:00,0
1AOXfiFF8ElI8RsA,dimension_01,9,"round, food, manmade",2026-04-28T09:09:32.234357+00:00,0
1AOXfiFF8ElI8RsA,dimension_07,10,"body part, skin, hair",2026-04-28T09:09:53.306765+00:00,0
1AOXfiFF8ElI8RsA,dimension_08,11,"metal, round, centered",2026-04-28T09:10:05.452705+00:00,0
1AOXfiFF8ElI8RsA,dimension_15,12,"clothes, center, verticaled, vertical",2026-04-28T09:10:15.733778+00:00,0
1AOXfiFF8ElI8RsA,dimension_11,13,"centered, ball",2026-04-28T09:10:31.050636+00:00,0
1AOXfiFF8ElI8RsA,dimension_13,14,"round, centered",2026-04-28T09:10:58.088534+00:00,0
1AOXfiFF8ElI8RsA,dimension_12,15,face,2026-04-28T09:11:06.537054+00:00,0
1AOXfiFF8ElI8RsA,dimension_06,1,"legs, skin, vertical",2026-04-28T09:11:09.251215+00:00,1
1AOXfiFF8ElI8RsA,dimension_09,2,"body parts, clothes, skin",2026-04-28T09:11:09.255424+00:00,1
1AOXfiFF8ElI8RsA,dimension_04,3,"trees, nature, sky",2026-04-28T09:11:09.259085+00:00,1
1AOXfiFF8ElI8RsA,dimension_10,4,"rectangular, grid pattern, blue",2026-04-28T09:11:09.262884+00:00,1
1AOXfiFF8ElI8RsA,dimension_03,5,"small, many thingss, clutter",2026-04-28T09:11:09.267287+00:00,1
1AOXfiFF8ElI8RsA,dimension_05,6,"rectangualr, fingers, diagonal",2026-04-28T09:11:09.270788+00:00,1
1AOXfiFF8ElI8RsA,dimension_14,7,"colorful, cluttered, paper",2026-04-28T09:11:09.274555+00:00,1
1AOXfiFF8ElI8RsA,dimension_02,8,"animal, face, centered, cute",2026-04-28T09:11:09.278047+00:00,1
1AOXfiFF8ElI8RsA,dimension_01,9,"round, food, manmade",2026-04-28T09:11:09.281825+00:00,1
1AOXfiFF8ElI8RsA,dimension_07,10,"body part, skin, hair",2026-04-28T09:11:09.285707+00:00,1
1AOXfiFF8ElI8RsA,dimension_08,11,"metal, round, centered",2026-04-28T09:11:09.289958+00:00,1
1AOXfiFF8ElI8RsA,dimension_15,12,"clothes, center, verticaled, vertical",2026-04-28T09:11:09.293409+00:00,1
1AOXfiFF8ElI8RsA,dimension_11,13,"centered, ball",2026-04-28T09:11:09.298304+00:00,1
1AOXfiFF8ElI8RsA,dimension_13,14,"round, centered",2026-04-28T09:11:09.302037+00:00,1
1AOXfiFF8ElI8RsA,dimension_12,15,face,2026-04-28T09:11:09.306898+00:00,1
1AU2CjsWazXxA097,dimension_13,1,"round, metal, shiny",2026-04-28T09:23:56.352906+00:00,0
1AU2CjsWazXxA097,dimension_03,2,"colorful, many things, repetitive",2026-04-28T09:25:27.864244+00:00,0
1AU2CjsWazXxA097,dimension_12,3,"faces, humans, heads",2026-04-28T09:25:45.445400+00:00,0
1AU2CjsWazXxA097,dimension_14,4,"many things, pictures, pattern",2026-04-28T09:26:45.760915+00:00,0
1AU2CjsWazXxA097,dimension_06,5,"legs, humans, lower body",2026-04-28T09:27:03.872617+00:00,0
2Y5I1Vw9mmYHpEpW,dimension_13,1,"stubby, pastel, holes",2026-04-28T09:27:26.395750+00:00,0
1AU2CjsWazXxA097,dimension_02,6,"animals, faces, furry",2026-04-28T09:27:32.638287+00:00,0
2Y5I1Vw9mmYHpEpW,dimension_03,2,"small, colorful, granular",2026-04-28T09:28:07.016416+00:00,0
1AU2CjsWazXxA097,dimension_09,7,"bodies, humans, body parts",2026-04-28T09:28:07.158009+00:00,0
2Y5I1Vw9mmYHpEpW,dimension_07,3,"face, body, skin",2026-04-28T09:28:24.581430+00:00,0
1AU2CjsWazXxA097,dimension_15,8,"clothing, fabric, decor",2026-04-28T09:28:26.877889+00:00,0
2Y5I1Vw9mmYHpEpW,dimension_06,4,"legs, vertical, pair",2026-04-28T09:28:57.763656+00:00,0
1AU2CjsWazXxA097,dimension_11,9,"objects, round, concrete",2026-04-28T09:29:06.900606+00:00,0
2Y5I1Vw9mmYHpEpW,dimension_08,5,"inanimate, stubby, pastel",2026-04-28T09:29:12.278915+00:00,0
2Y5I1Vw9mmYHpEpW,dimension_04,6,"tree, texture, nature",2026-04-28T09:29:31.328509+00:00,0
2IZ_3ppDYirNeZGW,dimension_11,1,"round, ball, spherical",2026-04-28T09:29:37.580725+00:00,0
1AU2CjsWazXxA097,dimension_04,10,"trees, nature, elements",2026-04-28T09:29:41.236842+00:00,0
2Y5I1Vw9mmYHpEpW,dimension_15,7,"vertical, pastel, clothing",2026-04-28T09:29:43.651578+00:00,0
56f7Sm9Km3kQoWhv,dimension_06,1,"legs, body parts",2026-04-28T09:29:49.615519+00:00,0
2IZ_3ppDYirNeZGW,dimension_02,2,"animal, rodent, mammal",2026-04-28T09:30:00.407408+00:00,0
1AU2CjsWazXxA097,dimension_01,11,"food, round, brown",2026-04-28T09:30:11.893356+00:00,0
2IZ_3ppDYirNeZGW,dimension_07,3,"face, human, mouth",2026-04-28T09:30:28.358429+00:00,0
2Y5I1Vw9mmYHpEpW,dimension_14,8,"texture, colorful, text",2026-04-28T09:30:33.112731+00:00,0
56f7Sm9Km3kQoWhv,dimension_11,2,center,2026-04-28T09:30:37.763582+00:00,0
2IZ_3ppDYirNeZGW,dimension_03,4,"small, pattern, many things",2026-04-28T09:30:42.651383+00:00,0
2Y5I1Vw9mmYHpEpW,dimension_05,9,"hands, fingers, tools",2026-04-28T09:30:48.988252+00:00,0
56f7Sm9Km3kQoWhv,dimension_13,3,"round, curvy",2026-04-28T09:30:54.689317+00:00,0
2IZ_3ppDYirNeZGW,dimension_08,5,"metal, brown, round",2026-04-28T09:30:55.423018+00:00,0
1AU2CjsWazXxA097,dimension_07,12,"bodies, hair, fabric",2026-04-28T09:30:56.343165+00:00,0
2IZ_3ppDYirNeZGW,dimension_12,6,face,2026-04-28T09:31:03.271566+00:00,0
2Y5I1Vw9mmYHpEpW,dimension_11,10,"stubby, inanimate, background",2026-04-28T09:31:11.583824+00:00,0
2IZ_3ppDYirNeZGW,dimension_04,7,"tree, outdoors, nature",2026-04-28T09:31:15.609914+00:00,0
56f7Sm9Km3kQoWhv,dimension_15,4,"long, center, vertical, vertical",2026-04-28T09:31:21.294331+00:00,0
2IZ_3ppDYirNeZGW,dimension_15,8,"legs, clothes",2026-04-28T09:31:27.749744+00:00,0
2Y5I1Vw9mmYHpEpW,dimension_01,11,"pastel, food, stubby",2026-04-28T09:31:27.870185+00:00,0
1AU2CjsWazXxA097,dimension_10,13,"metal, outdoor, construction",2026-04-28T09:31:28.997222+00:00,0
2Y5I1Vw9mmYHpEpW,dimension_11,10,"stubby, inanimate, backgroundless",2026-04-28T09:31:34.502588+00:00,0
2Y5I1Vw9mmYHpEpW,dimension_01,11,"pastel, food, stubby",2026-04-28T09:31:39.717788+00:00,0
2IZ_3ppDYirNeZGW,dimension_14,9,"small, colorful, detail",2026-04-28T09:31:40.310991+00:00,0
1AU2CjsWazXxA097,dimension_08,14,"metal, round, small object",2026-04-28T09:31:47.450553+00:00,0
2IZ_3ppDYirNeZGW,dimension_13,10,round,2026-04-28T09:31:52.767900+00:00,0
2Y5I1Vw9mmYHpEpW,dimension_10,12,"scene, grid, inanimate",2026-04-28T09:31:53.050243+00:00,0
56f7Sm9Km3kQoWhv,dimension_10,5,"scenes, rectangular, straight lines",2026-04-28T09:31:58.651570+00:00,0
2IZ_3ppDYirNeZGW,dimension_06,11,"legs, human",2026-04-28T09:32:04.853407+00:00,0
2Y5I1Vw9mmYHpEpW,dimension_09,13,"legs, silhouette, body",2026-04-28T09:32:09.139373+00:00,0
2IZ_3ppDYirNeZGW,dimension_05,12,"fingers, hands, legs",2026-04-28T09:32:19.547359+00:00,0
2IZ_3ppDYirNeZGW,dimension_10,13,"instrument, tool, furniture",2026-04-28T09:32:39.263337+00:00,0
2Y5I1Vw9mmYHpEpW,dimension_12,14,"face, human, person",2026-04-28T09:32:44.059233+00:00,0
1AU2CjsWazXxA097,dimension_05,15,"nail, tool, sharp",2026-04-28T09:32:44.778579+00:00,0
56f7Sm9Km3kQoWhv,dimension_07,6,"face parts, body parts",2026-04-28T09:32:46.801218+00:00,0
2IZ_3ppDYirNeZGW,dimension_09,14,"legs, body, clothes",2026-04-28T09:32:48.810950+00:00,0
1AU2CjsWazXxA097,dimension_13,1,"round, metal, shiny",2026-04-28T09:32:49.688259+00:00,1
1AU2CjsWazXxA097,dimension_03,2,"colorful, many things, repetitive",2026-04-28T09:32:49.692540+00:00,1
1AU2CjsWazXxA097,dimension_12,3,"faces, humans, heads",2026-04-28T09:32:49.696612+00:00,1
1AU2CjsWazXxA097,dimension_14,4,"many things, pictures, pattern",2026-04-28T09:32:49.700276+00:00,1
1AU2CjsWazXxA097,dimension_06,5,"legs, humans, lower body",2026-04-28T09:32:49.704252+00:00,1
1AU2CjsWazXxA097,dimension_02,6,"animals, faces, furry",2026-04-28T09:32:49.707953+00:00,1
1AU2CjsWazXxA097,dimension_09,7,"bodies, humans, body parts",2026-04-28T09:32:49.711713+00:00,1
1AU2CjsWazXxA097,dimension_15,8,"clothing, fabric, decor",2026-04-28T09:32:49.715519+00:00,1
1AU2CjsWazXxA097,dimension_11,9,"objects, round, concrete",2026-04-28T09:32:49.719167+00:00,1
1AU2CjsWazXxA097,dimension_04,10,"trees, nature, elements",2026-04-28T09:32:49.722910+00:00,1
1AU2CjsWazXxA097,dimension_01,11,"food, round, brown",2026-04-28T09:32:49.726476+00:00,1
1AU2CjsWazXxA097,dimension_07,12,"bodies, hair, fabric",2026-04-28T09:32:49.730221+00:00,1
1AU2CjsWazXxA097,dimension_10,13,"metal, outdoor, construction",2026-04-28T09:32:49.733862+00:00,1
1AU2CjsWazXxA097,dimension_08,14,"metal, round, small object",2026-04-28T09:32:49.737459+00:00,1
1AU2CjsWazXxA097,dimension_05,15,"nail, tool, sharp",2026-04-28T09:32:49.741084+00:00,1
2IZ_3ppDYirNeZGW,dimension_01,15,"round, food",2026-04-28T09:33:04.185459+00:00,0
2Y5I1Vw9mmYHpEpW,dimension_02,15,"animal, face, mammal",2026-04-28T09:33:07.452507+00:00,0
2IZ_3ppDYirNeZGW,dimension_11,1,"round, ball, spherical",2026-04-28T09:33:07.914450+00:00,1
2IZ_3ppDYirNeZGW,dimension_02,2,"animal, rodent, mammal",2026-04-28T09:33:07.919662+00:00,1
2IZ_3ppDYirNeZGW,dimension_07,3,"face, human, mouth",2026-04-28T09:33:07.923760+00:00,1
2IZ_3ppDYirNeZGW,dimension_03,4,"small, pattern, many things",2026-04-28T09:33:07.927657+00:00,1
2IZ_3ppDYirNeZGW,dimension_08,5,"metal, brown, round",2026-04-28T09:33:07.931621+00:00,1
2IZ_3ppDYirNeZGW,dimension_12,6,face,2026-04-28T09:33:07.935333+00:00,1
2IZ_3ppDYirNeZGW,dimension_04,7,"tree, outdoors, nature",2026-04-28T09:33:07.938898+00:00,1
2IZ_3ppDYirNeZGW,dimension_15,8,"legs, clothes",2026-04-28T09:33:07.942514+00:00,1
2IZ_3ppDYirNeZGW,dimension_14,9,"small, colorful, detail",2026-04-28T09:33:07.946079+00:00,1
2IZ_3ppDYirNeZGW,dimension_13,10,round,2026-04-28T09:33:07.949747+00:00,1
2IZ_3ppDYirNeZGW,dimension_06,11,"legs, human",2026-04-28T09:33:07.953306+00:00,1
2IZ_3ppDYirNeZGW,dimension_05,12,"fingers, hands, legs",2026-04-28T09:33:07.956785+00:00,1
2IZ_3ppDYirNeZGW,dimension_10,13,"instrument, tool, furniture",2026-04-28T09:33:07.960349+00:00,1
2IZ_3ppDYirNeZGW,dimension_09,14,"legs, body, clothes",2026-04-28T09:33:07.963829+00:00,1
2IZ_3ppDYirNeZGW,dimension_01,15,"round, food",2026-04-28T09:33:07.967259+00:00,1
2Y5I1Vw9mmYHpEpW,dimension_13,1,"stubby, pastel, holes",2026-04-28T09:33:12.029292+00:00,1
2Y5I1Vw9mmYHpEpW,dimension_03,2,"small, colorful, granular",2026-04-28T09:33:12.033274+00:00,1
2Y5I1Vw9mmYHpEpW,dimension_07,3,"face, body, skin",2026-04-28T09:33:12.036930+00:00,1
2Y5I1Vw9mmYHpEpW,dimension_06,4,"legs, vertical, pair",2026-04-28T09:33:12.040371+00:00,1
2Y5I1Vw9mmYHpEpW,dimension_08,5,"inanimate, stubby, pastel",2026-04-28T09:33:12.043874+00:00,1
2Y5I1Vw9mmYHpEpW,dimension_04,6,"tree, texture, nature",2026-04-28T09:33:12.047311+00:00,1
2Y5I1Vw9mmYHpEpW,dimension_15,7,"vertical, pastel, clothing",2026-04-28T09:33:12.050663+00:00,1
2Y5I1Vw9mmYHpEpW,dimension_14,8,"texture, colorful, text",2026-04-28T09:33:12.054073+00:00,1
2Y5I1Vw9mmYHpEpW,dimension_05,9,"hands, fingers, tools",2026-04-28T09:33:12.057537+00:00,1
2Y5I1Vw9mmYHpEpW,dimension_11,10,"stubby, inanimate, backgroundless",2026-04-28T09:33:12.060980+00:00,1
2Y5I1Vw9mmYHpEpW,dimension_01,11,"pastel, food, stubby",2026-04-28T09:33:12.064473+00:00,1
2Y5I1Vw9mmYHpEpW,dimension_10,12,"scene, grid, inanimate",2026-04-28T09:33:12.067988+00:00,1
2Y5I1Vw9mmYHpEpW,dimension_09,13,"legs, silhouette, body",2026-04-28T09:33:12.071446+00:00,1
2Y5I1Vw9mmYHpEpW,dimension_12,14,"face, human, person",2026-04-28T09:33:12.075157+00:00,1
2Y5I1Vw9mmYHpEpW,dimension_02,15,"animal, face, mammal",2026-04-28T09:33:12.078610+00:00,1
56f7Sm9Km3kQoWhv,dimension_03,7,"small round, small, many things, colorful",2026-04-28T09:33:17.166345+00:00,0
56f7Sm9Km3kQoWhv,dimension_09,8,"legs, chest, lower body",2026-04-28T09:33:53.989818+00:00,0
56f7Sm9Km3kQoWhv,dimension_14,9,"text, small, many things, rectangular",2026-04-28T09:34:27.104519+00:00,0
56f7Sm9Km3kQoWhv,dimension_01,10,"food-related, round",2026-04-28T09:34:59.877457+00:00,0
56f7Sm9Km3kQoWhv,dimension_05,11,"fingers, fingers",2026-04-28T09:35:28.781878+00:00,0
56f7Sm9Km3kQoWhv,dimension_04,12,"complexity, nature",2026-04-28T09:36:15.597124+00:00,0
56f7Sm9Km3kQoWhv,dimension_02,13,"animals, animal, faces, non-human faces",2026-04-28T09:36:58.801237+00:00,0
56f7Sm9Km3kQoWhv,dimension_08,14,"metal, hard, rounded",2026-04-28T09:37:33.118546+00:00,0
56f7Sm9Km3kQoWhv,dimension_12,15,"face, human face",2026-04-28T09:37:45.638058+00:00,0
56f7Sm9Km3kQoWhv,dimension_06,1,"legs, body parts",2026-04-28T09:37:50.143667+00:00,1
56f7Sm9Km3kQoWhv,dimension_11,2,center,2026-04-28T09:37:50.147609+00:00,1
56f7Sm9Km3kQoWhv,dimension_13,3,"round, curvy",2026-04-28T09:37:50.153219+00:00,1
56f7Sm9Km3kQoWhv,dimension_15,4,"long, center, vertical, vertical",2026-04-28T09:37:50.157357+00:00,1
56f7Sm9Km3kQoWhv,dimension_10,5,"scenes, rectangular, straight lines",2026-04-28T09:37:50.161226+00:00,1
56f7Sm9Km3kQoWhv,dimension_07,6,"face parts, body parts",2026-04-28T09:37:50.164989+00:00,1
56f7Sm9Km3kQoWhv,dimension_03,7,"small round, small, many things, colorful",2026-04-28T09:37:50.168711+00:00,1
56f7Sm9Km3kQoWhv,dimension_09,8,"legs, chest, lower body",2026-04-28T09:37:50.173788+00:00,1
56f7Sm9Km3kQoWhv,dimension_14,9,"text, small, many things, rectangular",2026-04-28T09:37:50.177528+00:00,1
56f7Sm9Km3kQoWhv,dimension_01,10,"food-related, round",2026-04-28T09:37:50.181767+00:00,1
56f7Sm9Km3kQoWhv,dimension_05,11,"fingers, fingers",2026-04-28T09:37:50.185327+00:00,1
56f7Sm9Km3kQoWhv,dimension_04,12,"complexity, nature",2026-04-28T09:37:50.189049+00:00,1
56f7Sm9Km3kQoWhv,dimension_02,13,"animals, animal, faces, non-human faces",2026-04-28T09:37:50.192645+00:00,1
56f7Sm9Km3kQoWhv,dimension_08,14,"metal, hard, rounded",2026-04-28T09:37:50.196100+00:00,1
56f7Sm9Km3kQoWhv,dimension_12,15,"face, human face",2026-04-28T09:37:50.199647+00:00,1
7Wc3n-IMP6KJwskS,dimension_09,1,"limbs, torsos, skin",2026-04-28T09:41:16.417014+00:00,0
7Wc3n-IMP6KJwskS,dimension_15,2,"clothes, upright, stripes",2026-04-28T09:41:43.830507+00:00,0
7Wc3n-IMP6KJwskS,dimension_06,3,"legs, knees, middle",2026-04-28T09:42:20.997411+00:00,0
7Wc3n-IMP6KJwskS,dimension_13,4,"round, center, repeating pattern",2026-04-28T09:42:42.826632+00:00,0
7Wc3n-IMP6KJwskS,dimension_14,5,"pattern, symbols, complex",2026-04-28T09:43:06.995950+00:00,0
7Wc3n-IMP6KJwskS,dimension_04,6,"tree, cloud, sky",2026-04-28T09:43:32.377734+00:00,0
7Wc3n-IMP6KJwskS,dimension_10,7,"metal, transport, pattern",2026-04-28T09:44:35.170504+00:00,0
7Wc3n-IMP6KJwskS,dimension_01,8,"food, round, sweet",2026-04-28T09:44:52.860401+00:00,0
7Wc3n-IMP6KJwskS,dimension_08,9,"metal, round, shiny",2026-04-28T09:45:33.380645+00:00,0
7Wc3n-IMP6KJwskS,dimension_11,10,"ball, round, center",2026-04-28T09:46:03.060716+00:00,0
7Wc3n-IMP6KJwskS,dimension_12,11,"face, human, hair",2026-04-28T09:46:49.771414+00:00,0
7Wc3n-IMP6KJwskS,dimension_03,12,"pattern, complex, colorful",2026-04-28T09:47:07.140912+00:00,0
7Wc3n-IMP6KJwskS,dimension_05,13,"fingers, toes, tools",2026-04-28T09:47:27.169707+00:00,0
7Wc3n-IMP6KJwskS,dimension_02,14,"animals, faces, frontal",2026-04-28T09:48:16.131156+00:00,0
7Wc3n-IMP6KJwskS,dimension_07,15,"body parts, hair, face",2026-04-28T09:49:42.229498+00:00,0
7Wc3n-IMP6KJwskS,dimension_09,1,"limbs, torsos, skin",2026-04-28T09:49:45.049611+00:00,1
7Wc3n-IMP6KJwskS,dimension_15,2,"clothes, upright, stripes",2026-04-28T09:49:45.053181+00:00,1
7Wc3n-IMP6KJwskS,dimension_06,3,"legs, knees, middle",2026-04-28T09:49:45.056597+00:00,1
7Wc3n-IMP6KJwskS,dimension_13,4,"round, center, repeating pattern",2026-04-28T09:49:45.060043+00:00,1
7Wc3n-IMP6KJwskS,dimension_14,5,"pattern, symbols, complex",2026-04-28T09:49:45.063501+00:00,1
7Wc3n-IMP6KJwskS,dimension_04,6,"tree, cloud, sky",2026-04-28T09:49:45.066968+00:00,1
7Wc3n-IMP6KJwskS,dimension_10,7,"metal, transport, pattern",2026-04-28T09:49:45.070460+00:00,1
7Wc3n-IMP6KJwskS,dimension_01,8,"food, round, sweet",2026-04-28T09:49:45.074107+00:00,1
7Wc3n-IMP6KJwskS,dimension_08,9,"metal, round, shiny",2026-04-28T09:49:45.077555+00:00,1
7Wc3n-IMP6KJwskS,dimension_11,10,"ball, round, center",2026-04-28T09:49:45.081034+00:00,1
7Wc3n-IMP6KJwskS,dimension_12,11,"face, human, hair",2026-04-28T09:49:45.084492+00:00,1
7Wc3n-IMP6KJwskS,dimension_03,12,"pattern, complex, colorful",2026-04-28T09:49:45.088090+00:00,1
7Wc3n-IMP6KJwskS,dimension_05,13,"fingers, toes, tools",2026-04-28T09:49:45.091464+00:00,1
7Wc3n-IMP6KJwskS,dimension_02,14,"animals, faces, frontal",2026-04-28T09:49:45.094993+00:00,1
7Wc3n-IMP6KJwskS,dimension_07,15,"body parts, hair, face",2026-04-28T09:49:45.098647+00:00,1
5LU357ygXx2D1o2a,dimension_05,1,"manual, manipulative, skin",2026-04-28T09:50:34.383083+00:00,0
5LU357ygXx2D1o2a,dimension_13,2,"round, brown-related, hard",2026-04-28T09:52:10.540602+00:00,0
5LU357ygXx2D1o2a,dimension_09,3,"body parts, clothing",2026-04-28T09:53:00.278296+00:00,0
5LU357ygXx2D1o2a,dimension_03,4,"small, pattern", 2026-04-28T09:53:52.774842+00:00,0
5LU357ygXx2D1o2a,dimension_01,5,"food-related, dessert",2026-04-28T09:54:31.529935+00:00,0
5LU357ygXx2D1o2a,dimension_07,6,"faces, body parts",2026-04-28T09:54:53.933208+00:00,0
5LU357ygXx2D1o2a,dimension_12,7,faces,2026-04-28T09:55:00.269593+00:00,0
5LU357ygXx2D1o2a,dimension_07,6,"body parts,face-related",2026-04-28T09:55:29.861927+00:00,0
5LU357ygXx2D1o2a,dimension_12,7,faces,2026-04-28T09:55:36.859651+00:00,0
5LU357ygXx2D1o2a,dimension_02,8,"animals, brown",2026-04-28T09:56:07.039455+00:00,0
5LU357ygXx2D1o2a,dimension_04,9,"scene-related, trees, small, pattern",2026-04-28T09:56:27.116098+00:00,0
5LU357ygXx2D1o2a,dimension_08,10,"round, shiny",2026-04-28T09:57:05.731323+00:00,0
5LU357ygXx2D1o2a,dimension_14,11,"small, pattern, colorful",2026-04-28T09:57:21.095427+00:00,0
5LU357ygXx2D1o2a,dimension_15,12,"stick-related, elongated",2026-04-28T09:57:50.937295+00:00,0
5LU357ygXx2D1o2a,dimension_10,13,"sport-related, vehicles",2026-04-28T09:58:17.185950+00:00,0
5LU357ygXx2D1o2a,dimension_06,14,"legs, extremities",2026-04-28T09:58:55.542552+00:00,0
5LU357ygXx2D1o2a,dimension_11,15,"shiny, bright, background",2026-04-28T09:59:37.666424+00:00,0
5LU357ygXx2D1o2a,dimension_05,1,"manual, manipulative, skin",2026-04-28T09:59:39.774863+00:00,1
5LU357ygXx2D1o2a,dimension_13,2,"round, brown-related, hard",2026-04-28T09:59:39.778789+00:00,1
5LU357ygXx2D1o2a,dimension_09,3,"body parts, clothing",2026-04-28T09:59:39.782461+00:00,1
5LU357ygXx2D1o2a,dimension_03,4,"small, pattern", 2026-04-28T09:59:39.786359+00:00,1
5LU357ygXx2D1o2a,dimension_01,5,"food-related, dessert",2026-04-28T09:59:39.790512+00:00,1
5LU357ygXx2D1o2a,dimension_07,6,"body parts,face-related",2026-04-28T09:59:39.794720+00:00,1
5LU357ygXx2D1o2a,dimension_12,7,faces,2026-04-28T09:59:39.798387+00:00,1
5LU357ygXx2D1o2a,dimension_02,8,"animals, brown",2026-04-28T09:59:39.801941+00:00,1
5LU357ygXx2D1o2a,dimension_04,9,"scene-related, trees, small, pattern",2026-04-28T09:59:39.805569+00:00,1
5LU357ygXx2D1o2a,dimension_08,10,"round, shiny",2026-04-28T09:59:39.809231+00:00,1
5LU357ygXx2D1o2a,dimension_14,11,"small, pattern, colorful",2026-04-28T09:59:39.812703+00:00,1
5LU357ygXx2D1o2a,dimension_15,12,"stick-related, elongated",2026-04-28T09:59:39.816136+00:00,1
5LU357ygXx2D1o2a,dimension_10,13,"sport-related, vehicles",2026-04-28T09:59:39.819899+00:00,1
5LU357ygXx2D1o2a,dimension_06,14,"legs, extremities",2026-04-28T09:59:39.823406+00:00,1
5LU357ygXx2D1o2a,dimension_11,15,"shiny, bright, background",2026-04-28T09:59:39.826974+00:00,1
7xS3m82u6b6JRgIH,dimension_04,1,"nature,scenic,seasons",2026-04-28T10:24:47.719067+00:00,0
7xS3m82u6b6JRgIH,dimension_09,2,"legs,torso,costumes",2026-04-28T10:26:31.501749+00:00,0
7xS3m82u6b6JRgIH,dimension_11,3,"sports,jar,round",2026-04-28T10:28:16.654192+00:00,0
7xS3m82u6b6JRgIH,dimension_13,4,"metal, circle,pattern",2026-04-28T10:30:58.381458+00:00,0
7xS3m82u6b6JRgIH,dimension_01,5,"dessert,dishes,round",2026-04-28T10:32:17.340789+00:00,0
7xS3m82u6b6JRgIH,dimension_02,6,"furry, brown, animals",2026-04-28T10:32:47.612653+00:00,0
7xS3m82u6b6JRgIH,dimension_06,7,"bare, legs, bottomwears,humans",2026-04-28T10:35:02.701919+00:00,0
7xS3m82u6b6JRgIH,dimension_05,8,"human, fingers,tools,sharp",2026-04-28T10:35:52.153872+00:00,0
7xS3m82u6b6JRgIH,dimension_08,9,"metal, circle, antique",2026-04-28T10:37:08.784400+00:00,0
7xS3m82u6b6JRgIH,dimension_15,10,"clothing,loud prints,historic",2026-04-28T11:15:18.390084+00:00,0
7xS3m82u6b6JRgIH,dimension_07,11,"bare, skin,body part,accessories",2026-04-28T11:16:03.109811+00:00,0
7xS3m82u6b6JRgIH,dimension_10,12,"panels,vehicles,metal",2026-04-28T11:17:05.158215+00:00,0
7xS3m82u6b6JRgIH,dimension_03,13,"colorful,clusters,tools",2026-04-28T11:18:20.987322+00:00,0
7xS3m82u6b6JRgIH,dimension_12,14,"faces,blindfold,babies",2026-04-28T11:19:59.770937+00:00,0
7xS3m82u6b6JRgIH,dimension_14,15,"colorful,playful,rectangles",2026-04-28T11:21:01.714353+00:00,0
7xS3m82u6b6JRgIH,dimension_04,1,"nature,scenic,seasons",2026-04-28T11:21:07.611903+00:00,1
7xS3m82u6b6JRgIH,dimension_09,2,"legs,torso,costumes",2026-04-28T11:21:07.615159+00:00,1
7xS3m82u6b6JRgIH,dimension_11,3,"sports,jar,round",2026-04-28T11:21:07.618999+00:00,1
7xS3m82u6b6JRgIH,dimension_13,4,"metal, circle,pattern",2026-04-28T11:21:07.624682+00:00,1
7xS3m82u6b6JRgIH,dimension_01,5,"dessert,dishes,round",2026-04-28T11:21:07.628211+00:00,1
7xS3m82u6b6JRgIH,dimension_02,6,"furry, brown, animals",2026-04-28T11:21:07.631963+00:00,1
7xS3m82u6b6JRgIH,dimension_06,7,"bare, legs, bottomwears,humans",2026-04-28T11:21:07.636037+00:00,1
7xS3m82u6b6JRgIH,dimension_05,8,"human, fingers,tools,sharp",2026-04-28T11:21:07.639420+00:00,1
7xS3m82u6b6JRgIH,dimension_08,9,"metal, circle, antique",2026-04-28T11:21:07.643169+00:00,1
7xS3m82u6b6JRgIH,dimension_15,10,"clothing,loud prints,historic",2026-04-28T11:21:07.647066+00:00,1
7xS3m82u6b6JRgIH,dimension_07,11,"bare, skin,body part,accessories",2026-04-28T11:21:07.650935+00:00,1
7xS3m82u6b6JRgIH,dimension_10,12,"panels,vehicles,metal",2026-04-28T11:21:07.654718+00:00,1
7xS3m82u6b6JRgIH,dimension_03,13,"colorful,clusters,tools",2026-04-28T11:21:07.658351+00:00,1
7xS3m82u6b6JRgIH,dimension_12,14,"faces,blindfold,babies",2026-04-28T11:21:07.663232+00:00,1
7xS3m82u6b6JRgIH,dimension_14,15,"colorful,playful,rectangles",2026-04-28T11:21:07.666780+00:00,1
9Ah0BdtigtJmwtkt,dimension_07,1,"body parts, soft, smooth",2026-04-29T07:38:28.565721+00:00,0
9Ah0BdtigtJmwtkt,dimension_02,2,"animal, face, animal, eyes",2026-04-29T07:38:58.780004+00:00,0
9Ah0BdtigtJmwtkt,dimension_10,3,"straight, lines, scene",2026-04-29T07:39:37.979101+00:00,0
9Ah0BdtigtJmwtkt,dimension_14,4,"straight, pattern, colorful",2026-04-29T07:40:00.100860+00:00,0
9Ah0BdtigtJmwtkt,dimension_12,5,"face, human, portrait",2026-04-29T07:40:21.545722+00:00,0
9Ah0BdtigtJmwtkt,dimension_04,6,"outdoors, tree, nature",2026-04-29T07:40:35.063309+00:00,0
9Ah0BdtigtJmwtkt,dimension_09,7,"legs, clothes, limbs",2026-04-29T07:40:55.635366+00:00,0
9Ah0BdtigtJmwtkt,dimension_13,8,"round, center, disk",2026-04-29T07:41:52.011934+00:00,0
9Ah0BdtigtJmwtkt,dimension_15,9,"clothes, skirt, pants",2026-04-29T07:42:18.934349+00:00,0
9Ah0BdtigtJmwtkt,dimension_05,10,"fingers, tools, hands",2026-04-29T07:42:30.638544+00:00,0
9Ah0BdtigtJmwtkt,dimension_01,11,"food, kitchen, round",2026-04-29T07:42:43.021163+00:00,0
9Ah0BdtigtJmwtkt,dimension_06,12,"long, legs, clothes",2026-04-29T07:43:17.495841+00:00,0
9Ah0BdtigtJmwtkt,dimension_11,13,"round, single object, center",2026-04-29T07:43:46.365592+00:00,0
9Ah0BdtigtJmwtkt,dimension_03,14,"small, round, colorful, pattern",2026-04-29T07:44:05.251270+00:00,0
9Ah0BdtigtJmwtkt,dimension_08,15,"metal, hard, round",2026-04-29T07:44:16.088952+00:00,0
9Ah0BdtigtJmwtkt,dimension_07,1,"body parts, soft, smooth",2026-04-29T07:44:19.128336+00:00,1
9Ah0BdtigtJmwtkt,dimension_02,2,"animal, face, animal, eyes",2026-04-29T07:44:19.137973+00:00,1
9Ah0BdtigtJmwtkt,dimension_10,3,"straight, lines, scene",2026-04-29T07:44:19.145984+00:00,1
9Ah0BdtigtJmwtkt,dimension_14,4,"straight, pattern, colorful",2026-04-29T07:44:19.156653+00:00,1
9Ah0BdtigtJmwtkt,dimension_12,5,"face, human, portrait",2026-04-29T07:44:19.162888+00:00,1
9Ah0BdtigtJmwtkt,dimension_04,6,"outdoors, tree, nature",2026-04-29T07:44:19.166551+00:00,1
9Ah0BdtigtJmwtkt,dimension_09,7,"legs, clothes, limbs",2026-04-29T07:44:19.172997+00:00,1
9Ah0BdtigtJmwtkt,dimension_13,8,"round, center, disk",2026-04-29T07:44:19.181367+00:00,1
9Ah0BdtigtJmwtkt,dimension_15,9,"clothes, skirt, pants",2026-04-29T07:44:19.185048+00:00,1
9Ah0BdtigtJmwtkt,dimension_05,10,"fingers, tools, hands",2026-04-29T07:44:19.188576+00:00,1
9Ah0BdtigtJmwtkt,dimension_01,11,"food, kitchen, round",2026-04-29T07:44:19.195397+00:00,1
9Ah0BdtigtJmwtkt,dimension_06,12,"long, legs, clothes",2026-04-29T07:44:19.201875+00:00,1
9Ah0BdtigtJmwtkt,dimension_11,13,"round, single object, center",2026-04-29T07:44:19.206373+00:00,1
9Ah0BdtigtJmwtkt,dimension_03,14,"small, round, colorful, pattern",2026-04-29T07:44:19.209624+00:00,1
9Ah0BdtigtJmwtkt,dimension_08,15,"metal, hard, round",2026-04-29T07:44:19.215465+00:00,1
9ZyycCVPeg6ttYcS,dimension_02,1,"animals, eyes, faces",2026-04-29T14:07:22.394674+00:00,0
9ZyycCVPeg6ttYcS,dimension_04,2,"sky, outdoors, horizont",2026-04-29T14:08:09.660991+00:00,0
9ZyycCVPeg6ttYcS,dimension_13,3,"round, circle, curvy",2026-04-29T14:08:24.261219+00:00,0
9ZyycCVPeg6ttYcS,dimension_09,4,"body part, people, body",2026-04-29T14:09:26.435638+00:00,0
9ZyycCVPeg6ttYcS,dimension_14,5,"detailed, patterned, chaotic",2026-04-29T14:10:12.923964+00:00,0
9ZyycCVPeg6ttYcS,dimension_12,6,"faces, people, body part",2026-04-29T14:10:33.107346+00:00,0
9ZyycCVPeg6ttYcS,dimension_05,7,"fingers, hands, uniform_background",2026-04-29T14:11:15.150215+00:00,0
9ZyycCVPeg6ttYcS,dimension_07,8,"hair, body part, people",2026-04-29T14:11:56.781241+00:00,0
9ZyycCVPeg6ttYcS,dimension_01,9,"dish, round, food-related",2026-04-29T14:12:29.629919+00:00,0
9ZyycCVPeg6ttYcS,dimension_06,10,"legs, arms, body part",2026-04-29T14:12:43.109475+00:00,0
9ZyycCVPeg6ttYcS,dimension_03,11,"small, many things, coarse-scaled, pattern, colorful",2026-04-29T14:12:59.706890+00:00,0
9ZyycCVPeg6ttYcS,dimension_15,12,"feet, standinging, upright",2026-04-29T14:13:24.646407+00:00,0
9ZyycCVPeg6ttYcS,dimension_08,13,"metal, artificial, curvy",2026-04-29T14:13:38.857206+00:00,0
9ZyycCVPeg6ttYcS,dimension_11,14,"center, close, center",2026-04-29T14:14:34.402039+00:00,0
9ZyycCVPeg6ttYcS,dimension_10,15,"rectangular, boxy, grid, pattern",2026-04-29T14:15:08.044348+00:00,0
9ZyycCVPeg6ttYcS,dimension_05,7,"fingers, hands, uniform background",2026-04-29T14:15:18.470768+00:00,0
9ZyycCVPeg6ttYcS,dimension_07,8,"hair, body part, people",2026-04-29T14:15:19.784396+00:00,0
9ZyycCVPeg6ttYcS,dimension_01,9,"dish, round, food-related",2026-04-29T14:15:22.218206+00:00,0
9ZyycCVPeg6ttYcS,dimension_06,10,"legs, arms, body part",2026-04-29T14:15:23.797829+00:00,0
9ZyycCVPeg6ttYcS,dimension_03,11,"small, many things, coarse-scaled, pattern, colorful",2026-04-29T14:15:24.766734+00:00,0
9ZyycCVPeg6ttYcS,dimension_15,12,"feet, standinging, upright",2026-04-29T14:15:25.958546+00:00,0
9ZyycCVPeg6ttYcS,dimension_08,13,"metal, artificial, curvy",2026-04-29T14:15:27.200056+00:00,0
9ZyycCVPeg6ttYcS,dimension_11,14,"center, close, center",2026-04-29T14:15:28.987644+00:00,0
9ZyycCVPeg6ttYcS,dimension_10,15,"rectangular, boxy, grid, pattern",2026-04-29T14:15:29.982230+00:00,0
9ZyycCVPeg6ttYcS,dimension_02,1,"animals, eyes, faces",2026-04-29T14:15:54.276523+00:00,1
9ZyycCVPeg6ttYcS,dimension_04,2,"sky, outdoors, horizont",2026-04-29T14:15:54.282946+00:00,1
9ZyycCVPeg6ttYcS,dimension_13,3,"round, circle, curvy",2026-04-29T14:15:54.286470+00:00,1
9ZyycCVPeg6ttYcS,dimension_09,4,"body part, people, body",2026-04-29T14:15:54.290615+00:00,1
9ZyycCVPeg6ttYcS,dimension_14,5,"detailed, patterned, chaotic",2026-04-29T14:15:54.294594+00:00,1
9ZyycCVPeg6ttYcS,dimension_12,6,"faces, people, body part",2026-04-29T14:15:54.298634+00:00,1
9ZyycCVPeg6ttYcS,dimension_05,7,"fingers, hands, uniform background",2026-04-29T14:15:54.302661+00:00,1
9ZyycCVPeg6ttYcS,dimension_07,8,"hair, body part, people",2026-04-29T14:15:54.305922+00:00,1
9ZyycCVPeg6ttYcS,dimension_01,9,"dish, round, food-related",2026-04-29T14:15:54.311074+00:00,1
9ZyycCVPeg6ttYcS,dimension_06,10,"legs, arms, body part",2026-04-29T14:15:54.314714+00:00,1
9ZyycCVPeg6ttYcS,dimension_03,11,"small, many things, coarse-scaled, pattern, colorful",2026-04-29T14:15:54.319738+00:00,1
9ZyycCVPeg6ttYcS,dimension_15,12,"feet, standinging, upright",2026-04-29T14:15:54.324360+00:00,1
9ZyycCVPeg6ttYcS,dimension_08,13,"metal, artificial, curvy",2026-04-29T14:15:54.328613+00:00,1
9ZyycCVPeg6ttYcS,dimension_11,14,"center, close, center",2026-04-29T14:15:54.332371+00:00,1
9ZyycCVPeg6ttYcS,dimension_10,15,"rectangular, boxy, grid, pattern",2026-04-29T14:15:54.337290+00:00,1
AP8LrkXSwymYpob5,dimension_05,1,"nails, fingers, hands",2026-04-30T14:20:51.486620+00:00,0
AP8LrkXSwymYpob5,dimension_02,2,"animal, dark, face",2026-04-30T14:22:02.695534+00:00,0
AP8LrkXSwymYpob5,dimension_14,3,"collage, colorful, creative",2026-04-30T14:22:39.116959+00:00,0
AP8LrkXSwymYpob5,dimension_10,4,"material, objects, man-made",2026-04-30T14:23:08.919093+00:00,0
AP8LrkXSwymYpob5,dimension_07,5,"body, face, hair",2026-04-30T14:23:33.745457+00:00,0
AP8LrkXSwymYpob5,dimension_01,6,"food, breakfast, eating",2026-04-30T14:24:08.560757+00:00,0
AP8LrkXSwymYpob5,dimension_04,7,"tree, green, nature",2026-04-30T14:24:21.622222+00:00,0
AP8LrkXSwymYpob5,dimension_09,8,"body, legs, clothing",2026-04-30T14:24:36.699663+00:00,0
AP8LrkXSwymYpob5,dimension_15,9,"legs, clothing, objects",2026-04-30T14:25:00.003514+00:00,0
AP8LrkXSwymYpob5,dimension_06,10,"body, legs, clothing",2026-04-30T14:25:15.282230+00:00,0
AP8LrkXSwymYpob5,dimension_11,11,"objects, man-made, shape",2026-04-30T14:25:46.726905+00:00,0
AP8LrkXSwymYpob5,dimension_03,12,"objects, small, man-made",2026-04-30T14:26:02.805599+00:00,0
AP8LrkXSwymYpob5,dimension_12,13,"face, body, hair",2026-04-30T14:26:15.049771+00:00,0
AP8LrkXSwymYpob5,dimension_13,14,"round, shape, dark",2026-04-30T14:27:07.996022+00:00,0
AP8LrkXSwymYpob5,dimension_08,15,"objects, dark, material",2026-04-30T14:27:29.748659+00:00,0
AP8LrkXSwymYpob5,dimension_05,1,"nails, fingers, hands",2026-04-30T14:27:32.987832+00:00,1
AP8LrkXSwymYpob5,dimension_02,2,"animal, dark, face",2026-04-30T14:27:32.991737+00:00,1
AP8LrkXSwymYpob5,dimension_14,3,"collage, colorful, creative",2026-04-30T14:27:32.995249+00:00,1
AP8LrkXSwymYpob5,dimension_10,4,"material, objects, man-made",2026-04-30T14:27:32.998832+00:00,1
AP8LrkXSwymYpob5,dimension_07,5,"body, face, hair",2026-04-30T14:27:33.002198+00:00,1
AP8LrkXSwymYpob5,dimension_01,6,"food, breakfast, eating",2026-04-30T14:27:33.005723+00:00,1
AP8LrkXSwymYpob5,dimension_04,7,"tree, green, nature",2026-04-30T14:27:33.009297+00:00,1
AP8LrkXSwymYpob5,dimension_09,8,"body, legs, clothing",2026-04-30T14:27:33.012851+00:00,1
AP8LrkXSwymYpob5,dimension_15,9,"legs, clothing, objects",2026-04-30T14:27:33.016285+00:00,1
AP8LrkXSwymYpob5,dimension_06,10,"body, legs, clothing",2026-04-30T14:27:33.019664+00:00,1
AP8LrkXSwymYpob5,dimension_11,11,"objects, man-made, shape",2026-04-30T14:27:33.023051+00:00,1
AP8LrkXSwymYpob5,dimension_03,12,"objects, small, man-made",2026-04-30T14:27:33.026468+00:00,1
AP8LrkXSwymYpob5,dimension_12,13,"face, body, hair",2026-04-30T14:27:33.030201+00:00,1
AP8LrkXSwymYpob5,dimension_13,14,"round, shape, dark",2026-04-30T14:27:33.033592+00:00,1
AP8LrkXSwymYpob5,dimension_08,15,"objects, dark, material",2026-04-30T14:27:33.037023+00:00,1
B16x3J7rz_rVxHZB,dimension_02,1,"hairy, mammals, round",2026-04-30T15:20:56.950576+00:00,0
B16x3J7rz_rVxHZB,dimension_07,2,"skin, body, hair",2026-04-30T15:21:30.845086+00:00,0
B16x3J7rz_rVxHZB,dimension_01,3,"yellow food, bowl, plate",2026-04-30T15:22:55.256086+00:00,0
B16x3J7rz_rVxHZB,dimension_06,4,"legs, clothing, skin",2026-04-30T15:25:35.497650+00:00,0
B16x3J7rz_rVxHZB,dimension_08,5,"round, silver, metal",2026-04-30T15:26:31.267204+00:00,0
B16x3J7rz_rVxHZB,dimension_14,6,"clustter, busy, patterns",2026-04-30T15:27:54.896073+00:00,0
B16x3J7rz_rVxHZB,dimension_12,7,"faces, young, hair",2026-04-30T15:28:54.370165+00:00,0
B16x3J7rz_rVxHZB,dimension_04,8,"trees, sky, nature",2026-04-30T15:30:00.985148+00:00,0
B16x3J7rz_rVxHZB,dimension_11,9,"round, centered objects, simple background",2026-04-30T15:32:02.492079+00:00,0
B16x3J7rz_rVxHZB,dimension_05,10,"nails, fingers, tapered",2026-04-30T15:34:58.794727+00:00,0
B16x3J7rz_rVxHZB,dimension_09,11,"body parts, clothing, humans",2026-04-30T15:35:28.377348+00:00,0
B16x3J7rz_rVxHZB,dimension_15,12,"decoration, adornment, fashion",2026-04-30T15:36:45.759888+00:00,0
B16x3J7rz_rVxHZB,dimension_10,13,"blue, furniture, horizontal",2026-04-30T15:38:40.302021+00:00,0
B16x3J7rz_rVxHZB,dimension_13,14,"round, circles, quantity",2026-04-30T15:40:01.214426+00:00,0
B16x3J7rz_rVxHZB,dimension_03,15,"colorful, many things, many things",2026-04-30T15:40:47.224206+00:00,0
B16x3J7rz_rVxHZB,dimension_02,1,"hairy, mammals, round",2026-04-30T15:41:02.974608+00:00,1
B16x3J7rz_rVxHZB,dimension_07,2,"skin, body, hair",2026-04-30T15:41:02.978316+00:00,1
B16x3J7rz_rVxHZB,dimension_01,3,"yellow food, bowl, plate",2026-04-30T15:41:02.982936+00:00,1
B16x3J7rz_rVxHZB,dimension_06,4,"legs, clothing, skin",2026-04-30T15:41:02.986490+00:00,1
B16x3J7rz_rVxHZB,dimension_08,5,"round, silver, metal",2026-04-30T15:41:02.990092+00:00,1
B16x3J7rz_rVxHZB,dimension_14,6,"clustter, busy, patterns",2026-04-30T15:41:02.994057+00:00,1
B16x3J7rz_rVxHZB,dimension_12,7,"faces, young, hair",2026-04-30T15:41:02.999208+00:00,1
B16x3J7rz_rVxHZB,dimension_04,8,"trees, sky, nature",2026-04-30T15:41:03.002893+00:00,1
B16x3J7rz_rVxHZB,dimension_11,9,"round, centered objects, simple background",2026-04-30T15:41:03.005857+00:00,1
B16x3J7rz_rVxHZB,dimension_05,10,"nails, fingers, tapered",2026-04-30T15:41:03.009484+00:00,1
B16x3J7rz_rVxHZB,dimension_09,11,"body parts, clothing, humans",2026-04-30T15:41:03.014222+00:00,1
B16x3J7rz_rVxHZB,dimension_15,12,"decoration, adornment, fashion",2026-04-30T15:41:03.017744+00:00,1
B16x3J7rz_rVxHZB,dimension_10,13,"blue, furniture, horizontal",2026-04-30T15:41:03.021558+00:00,1
B16x3J7rz_rVxHZB,dimension_13,14,"round, circles, quantity",2026-04-30T15:41:03.025379+00:00,1
B16x3J7rz_rVxHZB,dimension_03,15,"colorful, many things, many things",2026-04-30T15:41:03.029181+00:00,1
